industry,renewed
Gaming,0.7272727272727273
AI,0.6363636363636364
Finance Lending,0.5454545454545454
Hyper Local,0.45
Block Chain,0.44
